<?xml version="1.0" encoding="utf-8"?>
<install type="component" version="1.5.0">
	<name>P22evento</name>
	<creationDate>06/07/2011</creationDate>
	<author>Hugo Seabra</author>
	<authorEmail>hugoseabra19@gmail.com</authorEmail>
	<authorUrl>http://hugoseabra.com.br</authorUrl>
	<copyright>(c) 2011 - PORTA22</copyright>
	<license>GPL</license>
	<version>1.01</version>
	<description>Gerenciamento eventos</description>

	<files folder="site">
		<folder>assets</folder>
		<folder>controllers</folder>
		<folder>models</folder>
		<folder>views</folder>
		<filename>controller.php</filename>
		<filename>index.html</filename>
		<filename>p22evento.php</filename>
	</files>

	<install>
		<sql>
			<file charset="utf8" driver="mysql">install.sql</file>
		</sql>
	</install>

	<administration>
		<menu img="components/com_p22evento/images/icon-16-evento.png" link="option=com_p22evento">Eventos</menu>
		
		<files folder="admin">
			<folder>classes</folder>
			<folder>controllers</folder>
			<folder>css</folder>
			<folder>elements</folder>
			<folder>images</folder>
			<folder>js</folder>
			<folder>models</folder>
			<folder>tables</folder>
			<folder>views</folder>
			<filename>controller.php</filename>
			<filename>index.html</filename>
			<filename>p22evento.php</filename>
			<filename>install.sql</filename>
		</files>
	</administration>
</install>